{"cameraMode":{"drawMode":0,"name":"Shaded","section":"Shading Mode"},"sceneLighting":true,"audioPlay":false,"sceneViewState":{"showFog":true,"showMaterialUpdate":false,"showSkybox":true,"showFlares":true,"showImageEffects":true,"showParticleSystems":true},"in2DMode":false,"pivot":{"x":2.296875,"y":2.571044683456421,"z":1.1980886459350587},"rotation":{"x":0.14136269688606263,"y":-0.2589890956878662,"z":0.03834795951843262,"w":0.9547146558761597},"size":9.136436462402344,"orthographic":true}